date,1. open,5. volume,2. high,4. close,3. low
2014-12-15,15.21,2894900.0,15.4,14.46,13.6
2014-12-16,14.46,1442600.0,14.46,13.92,13.81
2014-12-17,13.8,1944600.0,14.0,13.29,13.2
2014-12-18,13.24,2092200.0,14.17,13.76,12.91
2014-12-19,13.69,2619700.0,13.69,12.56,12.01
2014-12-22,12.29,2646200.0,12.2999,10.83,10.82
2014-12-23,10.85,2734900.0,12.13,11.97,10.84
2014-12-24,12.29,678900.0,12.379,12.03,11.75
2014-12-26,12.14,779700.0,12.35,11.53,11.5
2014-12-29,11.63,516100.0,12.195,11.53,11.45
2014-12-30,11.4,300400.0,11.95,11.87,11.3201
2014-12-31,11.82,474700.0,12.22,12.0,11.6651
2015-01-02,12.0,781300.0,12.8,12.77,11.9501
2015-01-05,12.77,1266000.0,13.63,13.09,12.42
2015-01-06,13.21,1167800.0,13.349,12.16,11.88
2015-01-07,12.34,394600.0,12.67,12.25,11.99
2015-01-08,12.38,383200.0,12.38,12.08,12.06
2015-01-09,12.01,658400.0,12.33,12.07,11.75
2015-01-12,12.09,366100.0,12.43,11.97,11.76
2015-01-13,12.0,1321300.0,12.07,10.78,10.05
2015-01-14,10.58,653400.0,10.88,10.73,10.3
2015-01-15,10.71,530200.0,11.4,11.12,10.08
2015-01-16,11.06,149700.0,11.1888,10.95,10.76
2015-01-20,10.91,270300.0,11.15,10.91,10.58
2015-01-21,10.85,208800.0,11.34,11.2,10.7001
2015-01-22,11.28,712000.0,11.28,10.81,10.75
2015-01-23,10.74,761900.0,10.9,10.49,10.21
2015-01-26,10.4,226200.0,10.67,10.33,10.25
2015-01-27,10.2,608100.0,10.2499,10.02,9.8
2015-01-28,10.01,571000.0,10.46,10.28,10.01
2015-01-29,10.22,710100.0,10.28,9.94,9.7
2015-01-30,9.92,250100.0,10.0,9.84,9.818
2015-02-02,9.84,285300.0,9.98,9.82,9.72
2015-02-03,9.94,316300.0,10.35,10.19,9.79
2015-02-04,10.3,704500.0,11.73,10.71,10.11
2015-02-05,10.7,393200.0,11.17,10.48,10.46
2015-02-06,10.56,194400.0,10.83,10.335,10.3
2015-02-09,10.31,130000.0,10.5,10.38,10.31
2015-02-10,10.4,183100.0,10.64,10.27,10.18
2015-02-11,10.23,81800.0,10.4413,10.25,10.18
2015-02-12,10.39,598400.0,11.59,11.49,10.33
2015-02-13,11.6,754800.0,12.17,11.02,11.01
2015-02-17,11.12,148200.0,11.364,11.22,11.0
2015-02-18,11.3,98900.0,11.3,11.21,11.09
2015-02-19,11.12,47500.0,11.4049,11.15,11.11
2015-02-20,11.4,204500.0,11.58,11.5,11.11
2015-02-23,11.5,175900.0,11.73,11.5,11.4138
2015-02-24,11.6,420700.0,12.28,12.27,11.5
2015-02-25,12.3,520000.0,12.71,12.52,12.04
2015-02-26,12.72,773300.0,12.81,12.52,12.4
2015-02-27,12.33,349700.0,12.615,11.31,11.25
2015-03-02,11.85,722300.0,12.88,12.0,11.4
2015-03-03,11.89,1382900.0,12.45,12.18,11.71
2015-03-04,12.07,1168000.0,12.8499,12.55,12.03
2015-03-05,12.6,1982900.0,12.6,11.09,10.5
2015-03-06,10.69,996100.0,11.25,11.03,10.58
2015-03-09,10.99,336700.0,11.08,10.93,10.7
2015-03-10,10.85,768600.0,10.95,10.44,10.37
2015-03-11,10.5,1095600.0,10.69,10.62,10.3
2015-03-12,10.57,257500.0,10.66,10.28,10.2
2015-03-13,10.3,502000.0,10.5,10.02,10.0
2015-03-16,10.0,449300.0,10.55,10.3,10.0
2015-03-17,10.3,255400.0,10.3,10.0,10.0
2015-03-18,10.2,250100.0,10.2,10.01,9.83
2015-03-19,10.0,159000.0,10.19,10.02,9.96
2015-03-20,10.27,346100.0,10.55,10.41,10.04
2015-03-23,10.38,733300.0,10.5,10.4,9.96
2015-03-24,10.35,434000.0,10.5,10.44,10.09
2015-03-25,10.23,276600.0,10.44,10.29,10.1
2015-03-26,10.08,271300.0,10.53,10.52,10.06
2015-03-27,10.46,321000.0,10.88,10.7,10.418
2015-03-30,10.68,277700.0,10.88,10.5,10.4
2015-03-31,10.52,306200.0,10.64,10.6,10.4
2015-04-01,10.63,313500.0,10.74,10.59,10.15
2015-04-02,10.38,978200.0,10.65,10.51,9.5
2015-04-06,10.43,267100.0,10.99,10.85,10.35
2015-04-07,10.61,159500.0,10.9,10.5,10.46
2015-04-08,10.34,469900.0,11.49,11.17,10.34
2015-04-09,11.11,794200.0,12.12,11.96,10.9
2015-04-10,12.0,192500.0,12.18,11.52,11.52
2015-04-13,11.49,348300.0,11.93,11.2,10.92
2015-04-14,11.06,184300.0,11.46,11.41,10.9301
2015-04-15,11.39,365200.0,11.39,10.99,10.9
2015-04-16,11.03,232600.0,11.4,11.26,10.9524
2015-04-17,11.16,210400.0,11.47,10.92,10.86
2015-04-20,11.0,309500.0,11.2672,10.99,10.75
2015-04-21,11.09,277000.0,11.1384,11.0,10.94
2015-04-22,11.07,706600.0,11.73,11.2,10.955
2015-04-23,11.1,566700.0,11.8,11.39,11.1
2015-04-24,11.4,591200.0,12.47,12.41,11.4
2015-04-27,12.4,543200.0,12.4,11.93,11.81
2015-04-28,12.52,528200.0,12.727,11.7,11.6
2015-04-29,11.53,204100.0,11.73,11.36,11.3
2015-04-30,11.3,319700.0,11.42,11.05,10.9
2015-05-01,11.05,200100.0,11.31,11.17,10.9
2015-05-04,11.21,756300.0,11.45,11.26,11.07
2015-05-05,11.25,195600.0,11.26,10.88,10.56
2015-05-06,10.85,115200.0,11.1,10.96,10.67
2015-05-07,11.0,121100.0,11.25,10.93,10.8
2015-05-08,11.01,227500.0,11.5,11.29,10.96
2015-05-11,11.32,414400.0,11.59,11.07,11.01
2015-05-12,11.0,298700.0,11.31,11.1,10.82
2015-05-13,11.18,228400.0,11.3299,10.98,10.96
2015-05-14,11.06,1040200.0,12.48,12.38,10.88
2015-05-15,12.49,702000.0,12.75,12.39,11.7301
2015-05-18,12.3,1501300.0,13.16,12.82,12.01
2015-05-19,15.22,9333800.0,16.35,16.27,14.55
2015-05-20,15.82,6262700.0,19.1461,17.2,15.36
2015-05-21,17.6,2244900.0,18.37,16.85,16.22
2015-05-22,16.98,2060200.0,18.65,17.9,16.98
2015-05-26,17.89,2319100.0,19.38,18.94,17.29
2015-05-27,18.88,1253300.0,19.89,19.11,18.35
2015-05-28,18.7,1718300.0,18.71,18.34,16.6905
2015-05-29,18.43,806300.0,19.09,18.06,17.77
2015-06-01,18.5,1339800.0,18.9,17.02,16.95
2015-06-02,17.07,913700.0,17.9,17.05,16.91
2015-06-03,17.28,605700.0,17.6,17.51,16.9101
2015-06-04,17.32,1075400.0,18.09,16.98,16.92
2015-06-05,17.0,2055100.0,18.1,17.13,16.51
2015-06-08,17.3,1496400.0,18.12,17.04,17.01
2015-06-09,16.56,3932100.0,16.68,16.0,15.06
2015-06-10,15.61,1803800.0,16.1,15.8,15.6
2015-06-11,15.8,2254600.0,16.0,15.46,15.39
2015-06-12,15.45,3391200.0,15.97,15.65,15.15
2015-06-15,15.82,3110500.0,15.88,15.63,15.11
2015-06-16,15.51,2011100.0,15.78,15.6,15.13
2015-06-17,15.9,4370900.0,17.09,16.41,15.84
2015-06-18,16.5,2025600.0,17.38,16.99,16.3356
2015-06-19,16.92,2673700.0,17.3,16.83,16.6
2015-06-22,16.86,1566000.0,17.0,15.69,15.64
2015-06-23,17.26,6264200.0,17.8,17.24,17.08
2015-06-24,17.24,1286800.0,17.57,17.22,17.16
2015-06-25,17.1,1169300.0,17.25,17.06,16.85
2015-06-26,16.88,1181400.0,16.93,16.53,16.25
2015-06-29,16.05,1201000.0,16.5,15.83,15.8
2015-06-30,16.2,1214600.0,16.66,16.1,15.93
2015-07-01,16.14,896000.0,16.4,15.88,15.8
2015-07-02,16.0,341800.0,16.207,16.11,15.83
2015-07-06,15.8,2094000.0,15.82,14.75,14.5401
2015-07-07,14.58,2547300.0,15.17,13.96,12.8
2015-07-08,12.91,1176200.0,13.94,13.68,12.91
2015-07-09,15.45,1588800.0,16.25,15.05,15.024
2015-07-10,15.51,859900.0,15.77,15.28,15.1501
2015-07-13,15.5,402500.0,15.94,15.73,15.28
2015-07-14,15.62,962500.0,16.22,16.1,15.5709
2015-07-15,16.0,1144800.0,16.0,15.57,15.18
2015-07-16,15.73,769500.0,15.98,15.77,15.72
2015-07-17,16.0,612600.0,16.15,16.0,15.63
2015-07-20,15.99,604900.0,16.38,15.93,15.67
2015-07-21,15.86,291300.0,16.0,15.93,15.7
2015-07-22,15.73,184700.0,16.24,16.2,15.73
2015-07-23,16.25,481900.0,16.65,16.0,15.91
2015-07-24,15.99,188600.0,16.14,15.97,15.81
2015-07-27,15.6,414100.0,15.88,15.72,15.33
2015-07-28,15.71,398200.0,16.02,15.94,15.4117
2015-07-29,15.93,212000.0,16.27,16.06,15.68
2015-07-30,15.81,385300.0,16.32,16.18,15.8001
2015-07-31,16.15,151300.0,16.35,16.19,16.1
2015-08-03,16.14,503800.0,16.58,16.52,15.92
2015-08-04,16.42,325400.0,16.58,16.46,16.32
2015-08-05,16.46,533700.0,17.0,16.4,16.32
2015-08-06,16.34,287600.0,16.584,16.04,15.88
2015-08-07,16.03,188400.0,16.32,15.95,15.93
2015-08-10,16.15,160100.0,16.52,16.47,16.0
2015-08-11,16.3,249300.0,16.5,15.89,15.8
2015-08-12,15.7,632500.0,15.95,15.68,15.6
2015-08-13,15.67,373100.0,16.02,15.72,15.67
2015-08-14,15.63,293900.0,16.22,16.13,15.63
2015-08-17,16.08,543900.0,16.52,16.36,16.08
2015-08-18,16.17,287900.0,16.3091,16.12,15.9
2015-08-19,15.98,776700.0,16.25,15.98,15.65
2015-08-20,15.5,2539200.0,15.98,14.81,14.65
2015-08-21,14.68,1788000.0,14.69,13.78,13.3
2015-08-24,12.4,2222800.0,12.9,12.29,10.71
2015-08-25,13.07,571500.0,13.26,12.42,12.4
2015-08-26,12.65,832600.0,12.74,11.94,11.55
2015-08-27,12.68,1500600.0,12.97,12.3,12.0
2015-08-28,12.11,430300.0,12.6,12.37,12.11
2015-08-31,12.35,393700.0,12.428,11.66,11.63
2015-09-01,11.4,594200.0,11.59,11.28,11.11
2015-09-02,11.33,420800.0,11.609,10.99,10.89
2015-09-03,11.0,202500.0,11.08,10.97,10.85
2015-09-04,10.87,300700.0,10.94,10.84,10.55
2015-09-08,11.32,1040200.0,11.56,10.99,10.91
2015-09-09,11.2,794200.0,11.64,11.53,11.2
2015-09-10,11.44,513700.0,11.6,11.56,11.19
2015-09-11,11.54,444500.0,11.54,11.52,11.24
2015-09-14,11.5,569600.0,11.55,11.02,10.94
2015-09-15,11.05,439100.0,11.16,10.98,10.69
2015-09-16,11.06,1001000.0,11.27,11.0,10.92
2015-09-17,10.91,365900.0,11.25,11.04,10.91
2015-09-18,10.87,149200.0,11.06,10.99,10.87
2015-09-21,11.1,507700.0,11.56,11.04,10.99
2015-09-22,10.95,576300.0,11.305,11.06,10.89
2015-09-23,11.04,264300.0,11.12,10.96,10.88
2015-09-24,10.95,1065700.0,12.17,12.04,10.95
2015-09-25,12.04,1270500.0,13.65,12.46,12.04
2015-09-28,12.32,543200.0,12.6299,12.05,11.78
2015-09-29,11.99,215200.0,12.19,12.11,11.82
2015-09-30,12.2,772800.0,12.77,12.5,12.162
2015-10-01,12.55,384700.0,12.74,12.49,12.36
2015-10-02,12.6,747600.0,13.18,13.0,12.5
2015-10-05,13.14,984700.0,13.5,13.0,12.82
2015-10-06,13.07,504200.0,13.16,13.0,12.91
2015-10-07,13.23,1030500.0,13.33,12.98,12.72
2015-10-08,12.9,472100.0,13.07,12.98,12.72
2015-10-09,13.01,1393700.0,13.25,12.62,12.51
2015-10-12,12.75,894700.0,13.57,13.5,12.75
2015-10-13,13.42,734500.0,13.62,13.32,13.19
2015-10-14,13.37,883200.0,13.54,12.78,12.665
2015-10-15,12.88,806700.0,13.3,13.01,12.75
2015-10-16,13.2,1017100.0,13.51,13.11,13.01
2015-10-19,13.12,673500.0,13.3,13.19,12.88
2015-10-20,13.23,402200.0,13.3223,13.14,13.1
2015-10-21,13.14,420400.0,13.14,12.86,12.73
2015-10-22,12.99,559100.0,13.08,12.69,12.62
2015-10-23,13.0,585300.0,13.1,12.75,12.61
2015-10-26,12.69,907400.0,12.95,12.65,12.5
2015-10-27,12.65,424600.0,12.86,12.84,12.54
2015-10-28,12.9,419200.0,12.9,12.78,12.6601
2015-10-29,12.66,1133800.0,13.55,13.27,12.66
2015-10-30,13.32,730600.0,13.64,13.43,13.3
2015-11-02,13.4,1074100.0,13.428,12.89,12.8
2015-11-03,12.92,588900.0,13.42,13.34,12.91
2015-11-04,13.35,1777600.0,14.03,13.79,13.31
2015-11-05,13.67,422700.0,13.98,13.42,13.28
2015-11-06,13.73,965800.0,14.28,14.19,13.66
2015-11-09,14.27,1500400.0,14.42,13.3,13.17
2015-11-10,13.35,756700.0,13.6,13.18,13.06
2015-11-11,13.26,1561000.0,13.26,12.78,12.75
2015-11-12,12.91,758500.0,13.318,13.25,12.73
2015-11-13,12.99,988500.0,13.42,12.67,12.6
2015-11-16,12.6,1791600.0,12.83,12.62,12.16
2015-11-17,12.62,906600.0,13.05,12.6,12.37
2015-11-18,12.55,775500.0,12.79,12.63,12.51
2015-11-19,12.78,1887700.0,13.015,12.82,12.51
2015-11-20,12.65,1431400.0,13.1699,12.9,12.62
2015-11-23,12.88,1475300.0,14.09,13.95,12.85
2015-11-24,13.56,1464100.0,13.8225,13.42,13.22
2015-11-25,13.18,1142800.0,13.65,13.4,13.16
2015-11-27,13.2,657200.0,13.38,13.2,12.99
2015-11-30,13.21,1614000.0,13.68,13.27,13.1501
2015-12-01,13.61,1902200.0,14.21,13.96,13.57
2015-12-02,13.89,1560700.0,14.13,13.93,13.83
2015-12-03,14.07,2139900.0,14.28,14.09,13.91
2015-12-04,14.03,1904200.0,14.36,14.23,14.03
2015-12-07,14.35,1915500.0,15.22,15.14,14.35
2015-12-08,14.98,2028200.0,15.25,15.15,14.85
2015-12-09,15.15,1021600.0,15.33,14.99,14.9
2015-12-10,15.0,1160200.0,15.04,14.92,14.6
2015-12-11,14.99,886400.0,15.03,14.68,14.22
2015-12-14,14.7,802700.0,15.09,15.02,14.651
2015-12-15,15.1,1131000.0,15.5,15.47,14.98
2015-12-16,15.5,841100.0,15.8798,15.67,15.48
2015-12-17,15.86,682700.0,15.86,15.32,15.23
2015-12-18,15.6,1204600.0,15.98,15.65,15.32
2015-12-21,15.87,1589600.0,16.25,16.05,15.79
2015-12-22,16.03,1446000.0,16.5,16.46,16.03
2015-12-23,16.49,1046200.0,16.5,16.42,16.23
2015-12-24,16.37,423400.0,16.59,16.49,16.26
2015-12-28,16.42,798700.0,16.49,16.04,16.0
2015-12-29,16.11,604400.0,16.25,16.13,16.0
2015-12-30,16.15,660800.0,16.15,16.05,15.97
2015-12-31,16.0,706800.0,16.12,16.02,16.0
2016-01-04,15.65,1471700.0,15.65,15.46,15.2
2016-01-05,15.55,950700.0,16.07,15.64,15.483
2016-01-06,15.46,1037600.0,15.9,15.55,15.3201
2016-01-07,15.15,1773200.0,15.34,14.41,14.4
2016-01-08,14.96,1606800.0,14.99,14.33,14.29
2016-01-11,14.03,2837100.0,14.04,13.44,13.09
2016-01-12,13.35,1771400.0,13.88,13.79,13.21
2016-01-13,13.72,1115600.0,14.005,13.6,13.49
2016-01-14,13.8,841900.0,13.8,13.51,13.2
2016-01-15,13.44,1205500.0,13.44,12.99,12.71
2016-01-19,13.48,1929400.0,13.75,12.8,12.49
2016-01-20,12.6,1872300.0,12.8,12.29,11.55
2016-01-21,12.2,988400.0,12.96,12.48,11.8
2016-01-22,12.81,1149800.0,12.99,12.4,12.3999
2016-01-25,12.48,678700.0,12.51,12.08,12.06
2016-01-26,12.01,734600.0,12.4,12.37,11.78
2016-01-27,12.34,512200.0,12.39,11.93,11.89
2016-01-28,11.98,587300.0,12.15,11.75,11.67
2016-01-29,11.81,545700.0,12.1,11.91,11.71
2016-02-01,11.79,637500.0,11.97,11.76,11.59
2016-02-02,11.75,1294800.0,11.78,11.17,11.13
2016-02-03,11.18,1709700.0,11.2,10.64,10.33
2016-02-04,10.66,1435800.0,11.03,10.87,10.49
2016-02-05,10.84,1243200.0,11.02,10.43,10.4
2016-02-08,10.38,1473900.0,10.38,9.48,9.265
2016-02-09,9.34,2725400.0,9.75,8.09,7.975
2016-02-10,8.3,1653500.0,8.321,7.94,7.78
2016-02-11,7.8,3297500.0,7.98,7.79,6.72
2016-02-12,8.07,1752800.0,8.07,7.49,7.35
2016-02-16,7.87,1910400.0,8.84,8.77,7.81
2016-02-17,8.88,2114200.0,9.46,9.15,8.41
2016-02-18,9.15,539400.0,9.23,9.02,8.96
2016-02-19,9.03,668900.0,9.29,9.26,8.78
2016-02-22,9.41,1418400.0,10.35,10.02,9.41
2016-02-23,11.3,6877200.0,12.26,12.0,11.16
2016-02-24,12.03,2598800.0,12.12,12.09,11.11
2016-02-25,11.33,1295200.0,11.94,11.93,11.24
2016-02-26,12.33,1108400.0,12.45,11.96,11.87
2016-02-29,11.9,845800.0,12.02,11.78,11.66
2016-03-01,11.82,1109800.0,12.15,12.01,11.79
2016-03-02,12.22,724900.0,12.29,12.16,11.91
2016-03-03,12.16,2614600.0,13.2,12.65,12.09
2016-03-04,12.42,1901600.0,13.75,13.58,12.42
2016-03-07,14.0,4186300.0,14.72,13.34,12.8
2016-03-08,13.27,1166300.0,13.88,13.51,13.27
2016-03-09,13.59,909600.0,13.93,13.52,13.1
2016-03-10,13.45,1311900.0,13.5,12.81,12.42
2016-03-11,13.11,731200.0,13.185,13.14,12.63
2016-03-14,13.06,850000.0,13.3,13.16,12.96
2016-03-15,12.91,2559500.0,12.91,12.04,11.65
2016-03-16,11.75,941300.0,12.34,12.25,11.67
2016-03-17,12.0,858600.0,12.04,11.97,11.65
2016-03-18,12.0,1223400.0,12.91,12.79,11.9
2016-03-21,12.76,755200.0,13.0,12.88,12.66
2016-03-22,12.8,449200.0,12.9,12.73,12.67
2016-03-23,12.75,865100.0,12.81,12.17,12.05
2016-03-24,12.0,744800.0,12.28,12.18,11.72
2016-03-28,12.1,513800.0,12.16,11.91,11.76
2016-03-29,11.86,1340700.0,11.86,11.51,11.44
2016-03-30,11.69,1588900.0,12.1199,11.43,11.4
2016-03-31,11.49,960600.0,11.58,11.24,11.09
2016-04-01,11.09,1492600.0,11.21,10.93,10.57
2016-04-04,10.98,4108500.0,12.26,12.19,10.97
2016-04-05,12.07,1848800.0,12.16,12.04,11.52
2016-04-06,14.2,15611900.0,16.26,16.09,14.1
2016-04-07,16.02,3885800.0,16.4,16.31,15.61
2016-04-08,16.15,1792800.0,16.74,16.42,16.15
2016-04-11,16.56,1137400.0,16.73,16.58,16.34
2016-04-12,16.65,1411500.0,16.66,16.41,16.3
2016-04-13,16.5,885200.0,16.63,16.41,16.25
2016-04-14,16.4,631200.0,16.49,16.43,16.2901
2016-04-15,16.5,347600.0,16.5,16.49,16.4
2016-04-18,16.38,673700.0,16.66,16.63,16.37
2016-04-19,16.66,557300.0,16.66,16.51,16.42
2016-04-20,16.5,503700.0,16.55,16.51,16.41
2016-04-21,16.45,425400.0,16.57,16.52,16.45
2016-04-22,16.49,575300.0,16.5401,16.45,16.435
2016-04-25,16.48,665700.0,16.52,16.49,16.4
2016-04-26,16.5,853400.0,16.55,16.53,16.42
2016-04-27,16.5,620300.0,16.55,16.5,16.44
2016-04-28,16.55,640700.0,16.6401,16.51,16.48
2016-04-29,16.5,768200.0,16.62,16.44,16.41
2016-05-02,16.43,491400.0,16.49,16.46,16.4
2016-05-03,16.46,466400.0,16.58,16.44,16.39
2016-05-04,16.43,811300.0,16.58,16.46,16.41
2016-05-05,16.46,6437200.0,16.54,15.57,13.82
2016-05-06,14.52,2996700.0,14.99,14.58,14.31
2016-05-09,14.49,5333700.0,14.5,12.27,12.12
2016-05-10,12.93,2199300.0,13.4,13.08,12.59
2016-05-11,12.5,5952000.0,12.63,10.76,10.65
2016-05-12,10.79,6066000.0,11.59,11.4,10.76
2016-05-13,12.44,2214500.0,12.76,11.68,11.52
2016-05-16,11.9,2495800.0,12.3,12.01,11.81
2016-05-17,12.47,3726000.0,13.07,12.99,11.85
2016-05-18,12.85,1945700.0,13.11,13.04,12.6
2016-05-19,12.88,1622700.0,13.04,12.16,12.0
2016-05-20,12.17,1029800.0,12.68,12.67,12.06
2016-05-23,12.57,723800.0,12.79,12.35,12.21
2016-05-24,12.35,1271300.0,12.98,12.9,12.05
2016-05-25,12.6,1418400.0,12.65,11.99,11.91
2016-05-26,12.02,595100.0,12.4797,12.34,11.957
2016-05-27,12.17,580700.0,12.66,12.57,12.1
2016-05-31,12.62,1065800.0,12.79,12.78,12.45
2016-06-01,12.65,743600.0,12.88,12.63,12.45
2016-06-02,12.74,264400.0,12.75,12.67,12.56
2016-06-03,12.6,362800.0,12.63,12.53,12.37
2016-06-06,12.6,634500.0,13.0,12.92,12.5
2016-06-07,12.81,313200.0,12.9147,12.82,12.7
2016-06-08,12.78,309100.0,12.8499,12.61,12.545
2016-06-09,12.56,190300.0,12.75,12.54,12.46
2016-06-10,12.41,679500.0,12.44,12.18,12.15
2016-06-13,12.1,371300.0,12.5697,12.37,12.1
2016-06-14,12.29,602800.0,12.34,12.02,11.77
2016-06-15,11.89,708900.0,12.12,12.08,11.8
2016-06-16,11.93,1124300.0,12.04,11.17,11.02
2016-06-17,11.23,768300.0,11.52,11.45,11.09
2016-06-20,11.47,446000.0,11.87,11.51,11.298
2016-06-21,11.58,321800.0,11.6652,11.22,11.17
2016-06-22,11.28,1144600.0,11.28,10.75,10.68
2016-06-23,10.84,1218600.0,10.97,10.74,10.5
2016-06-24,10.08,1246300.0,10.82,10.7,9.9
2016-06-27,10.55,878200.0,10.61,10.24,10.15
2016-06-28,10.3,482300.0,10.62,10.43,10.3
2016-06-29,10.53,739600.0,10.62,10.18,10.01
2016-06-30,10.0,1110700.0,10.27,10.11,9.68
2016-07-01,10.1,598600.0,10.17,9.95,9.86
2016-07-05,9.95,1204800.0,10.0025,9.36,8.88
2016-07-06,9.34,948100.0,9.97,9.91,9.04
2016-07-07,10.01,3255800.0,11.73,11.65,10.01
2016-07-08,11.59,1036000.0,11.78,11.68,10.84
2016-07-11,11.99,2763200.0,13.47,12.55,11.9201
2016-07-12,12.69,1239500.0,13.19,12.62,12.6
2016-07-13,12.71,727500.0,12.8,12.21,12.03
2016-07-14,12.71,864400.0,13.15,12.69,12.38
2016-07-15,12.69,558900.0,13.04,12.5,12.43
2016-07-18,12.57,571800.0,12.9743,12.76,12.48
2016-07-19,12.7,292300.0,12.88,12.77,12.67
2016-07-20,12.85,525600.0,13.15,13.1,12.73
2016-07-21,13.18,672400.0,13.3,12.98,12.92
2016-07-22,13.05,405200.0,13.16,13.15,12.89
2016-07-25,13.25,918900.0,13.68,13.53,13.13
2016-07-26,13.31,863100.0,13.65,13.5,13.15
2016-07-27,13.59,1044100.0,13.66,13.39,12.98
2016-07-28,13.51,273600.0,13.51,13.21,13.13
2016-07-29,13.15,392700.0,13.44,13.23,13.0
2016-08-01,13.32,1702000.0,14.65,14.44,13.32
2016-08-02,14.35,1789200.0,15.29,15.01,14.28
2016-08-03,14.89,833400.0,15.1,14.92,14.705
2016-08-04,14.9,482800.0,15.03,14.88,14.7
2016-08-05,14.96,562800.0,15.01,14.71,14.65
2016-08-08,14.73,670600.0,15.0,14.92,14.73
2016-08-09,15.0,726600.0,15.03,14.89,14.81
2016-08-10,14.99,438700.0,15.0,14.79,14.76
2016-08-11,14.79,861800.0,15.0,14.94,14.7
2016-08-12,15.1,1020700.0,15.15,15.0,14.9
2016-08-15,15.59,3605700.0,16.4,16.13,15.1
2016-08-16,17.27,7415200.0,17.49,16.09,15.25
2016-08-17,15.89,1654600.0,16.23,15.58,15.41
2016-08-18,14.89,4752300.0,16.4,16.01,14.88
2016-08-19,16.0,955600.0,16.33,16.04,15.78
2016-08-22,15.72,4484300.0,17.34,17.31,15.72
2016-08-23,17.3,8657000.0,20.25,19.8,17.25
2016-08-24,20.15,6121100.0,20.88,19.61,19.27
2016-08-25,19.38,3871300.0,21.09,20.94,19.29
2016-08-26,21.0,5315800.0,21.98,21.6,20.25
2016-08-29,21.66,7410900.0,22.83,22.01,21.11
2016-08-30,22.0,5693800.0,23.14,22.61,22.0
2016-08-31,22.72,6018400.0,24.05,24.01,22.1
2016-09-01,24.11,5074900.0,24.7,24.0,23.54
2016-09-02,23.89,6274500.0,25.62,24.48,23.89
2016-09-06,25.36,6442600.0,25.36,24.28,23.45
2016-09-07,24.07,4787800.0,24.2,24.02,22.77
2016-09-08,23.93,3389700.0,24.69,24.47,23.33
2016-09-09,24.28,6609400.0,24.47,21.66,20.98
2016-09-12,20.67,6954700.0,23.95,23.59,20.15
2016-09-13,23.0,5096800.0,23.2,22.5,21.42
2016-09-14,22.1,4654600.0,23.15,22.92,22.1
2016-09-15,23.4,4209800.0,24.28,23.62,23.32
2016-09-16,23.78,2076400.0,24.39,24.03,23.091
2016-09-19,24.5,3478500.0,24.78,23.49,22.74
2016-09-20,23.39,1677500.0,23.895,23.64,23.05
2016-09-21,23.76,3240700.0,23.88,23.47,22.95
2016-09-22,23.86,3467500.0,24.77,23.67,23.23
2016-09-23,23.84,1745200.0,24.0,23.55,23.18
2016-09-26,23.18,2711200.0,23.3,22.48,22.08
2016-09-27,22.7,2730600.0,23.74,23.3,22.7
2016-09-28,23.5,1941100.0,23.5,23.06,22.12
2016-09-29,23.1,2175100.0,23.92,22.8,22.54
2016-09-30,23.0,1943000.0,23.189,22.5,22.31
2016-10-03,22.62,1828500.0,22.62,22.09,21.41
2016-10-04,22.2,6495700.0,24.68,24.48,22.2
2016-10-05,24.62,7677900.0,26.24,24.85,24.04
2016-10-06,24.67,2911200.0,25.27,24.41,23.75
2016-10-07,24.33,2058000.0,24.78,23.6,23.3
2016-10-10,23.91,6152800.0,26.65,26.18,23.91
2016-10-11,25.8,4121500.0,26.01,24.82,24.43
2016-10-12,24.82,3023800.0,25.22,24.29,24.1
2016-10-13,23.58,4861400.0,24.18,24.11,22.55
2016-10-14,24.78,3180500.0,25.15,23.5,23.46
2016-10-17,23.4,1465800.0,24.036,23.51,23.31
2016-10-18,23.88,1883200.0,24.45,24.09,23.8
2016-10-19,24.37,2183500.0,24.59,24.25,23.87
2016-10-20,24.5,2069900.0,24.8789,24.64,24.3
2016-10-21,24.66,1208400.0,24.77,24.48,24.05
2016-10-24,24.59,5620400.0,26.88,26.61,24.59
2016-10-25,26.5,3088200.0,27.0,26.51,26.03
2016-10-26,26.2,1624000.0,26.61,26.08,25.63
2016-10-27,26.23,2149400.0,26.3499,25.43,25.07
2016-10-28,25.4,1836200.0,26.37,25.54,25.12
2016-10-31,25.8,5222700.0,25.93,24.08,22.75
2016-11-01,24.11,2002900.0,24.76,23.815,23.5
2016-11-02,23.92,2222300.0,24.14,23.285,23.05
2016-11-03,23.16,2155800.0,24.05,23.7,22.84
2016-11-04,23.67,3375000.0,24.06,23.83,22.94
2016-11-07,24.72,4834500.0,26.75,26.72,24.6
2016-11-08,28.4,13052700.0,28.44,23.25,23.0756
2016-11-09,23.02,4418500.0,24.45,23.51,23.0
2016-11-10,23.55,7016400.0,23.92,22.035,21.45
2016-11-11,22.14,2793600.0,22.35,21.84,21.32
2016-11-14,22.0,4424300.0,22.15,20.11,20.04
2016-11-15,20.49,3589800.0,21.7,20.52,20.48
2016-11-16,20.03,4449300.0,22.12,21.72,19.5
2016-11-17,22.0,1999500.0,22.1,21.35,21.0
2016-11-18,21.47,1377600.0,22.0699,21.3,21.2201
2016-11-21,21.51,1598600.0,21.85,21.41,20.99
2016-11-22,21.68,1398600.0,21.74,21.29,21.12
2016-11-23,21.3,1648300.0,21.79,21.69,20.56
2016-11-25,21.73,1090500.0,21.78,21.49,20.93
2016-11-28,21.17,1349600.0,21.56,20.9,20.85
2016-11-29,20.95,3320400.0,22.08,21.85,20.62
2016-11-30,21.92,2657300.0,22.65,21.525,21.13
2016-12-01,21.49,2006500.0,21.72,20.65,20.38
2016-12-02,20.7,1400200.0,21.09,20.85,20.2
2016-12-05,20.85,872900.0,20.87,20.6,20.32
2016-12-06,20.7,1072100.0,20.93,20.36,19.93
2016-12-07,20.4,1370200.0,21.11,20.87,20.38
2016-12-08,20.77,999700.0,20.94,20.87,20.23
2016-12-09,20.84,683000.0,20.9824,20.5,20.3714
2016-12-12,20.29,1662400.0,20.75,20.45,19.95
2016-12-13,20.54,1899300.0,20.95,20.02,19.99
2016-12-14,20.0,2530700.0,20.29,19.4,19.31
2016-12-15,19.3,3295800.0,19.3,18.1,18.06
2016-12-16,17.85,3017600.0,18.33,18.08,17.5
2016-12-19,18.08,4114400.0,18.09,17.16,17.0
2016-12-20,17.29,2906200.0,17.82,17.77,16.73
2016-12-21,17.78,2807500.0,19.06,18.56,17.77
2016-12-22,18.33,1627900.0,18.85,18.34,18.25
2016-12-23,18.34,1065000.0,18.95,18.89,18.3
2016-12-27,18.94,997400.0,19.32,19.01,18.8
2016-12-28,18.99,1929100.0,19.62,18.79,18.67
2016-12-29,18.87,704300.0,19.0599,18.36,18.22
2016-12-30,18.34,1391500.0,18.51,18.38,17.78
2017-01-03,18.7,848200.0,18.85,18.3,18.23
2017-01-04,18.31,2418000.0,19.26,19.24,18.31
2017-01-05,19.29,2792600.0,20.7,20.52,19.2
2017-01-06,20.6,1351300.0,20.6,20.37,19.96
2017-01-09,20.39,1618300.0,21.3,21.27,20.35
2017-01-10,21.39,3005800.0,22.49,22.07,21.305
2017-01-11,22.03,1713500.0,22.46,21.72,21.0
2017-01-12,21.47,1075500.0,21.63,21.56,20.74
2017-01-13,21.78,1065900.0,22.1,22.03,21.3
2017-01-17,21.78,1342100.0,22.22,21.77,21.39
2017-01-18,21.8,657600.0,22.23,21.99,21.629
2017-01-19,22.07,596700.0,22.22,21.95,21.774
2017-01-20,22.06,581300.0,22.39,21.86,21.72
2017-01-23,21.83,2597600.0,23.49,23.42,21.71
2017-01-24,23.48,1678700.0,23.86,23.55,23.21
2017-01-25,23.77,952300.0,23.7899,23.645,23.2142
2017-01-26,23.73,1405600.0,23.75,22.95,22.57
2017-01-27,23.0,509400.0,23.12,22.9,22.6
2017-01-30,22.76,1296300.0,22.85,22.48,21.53
2017-01-31,22.2,749100.0,22.74,22.73,21.94
2017-02-01,22.91,844900.0,22.96,22.77,22.3
2017-02-02,22.66,1205000.0,23.27,23.15,22.3
2017-02-03,23.3,884900.0,23.739,23.13,22.98
2017-02-06,23.08,1129000.0,23.08,22.88,22.51
2017-02-07,22.97,954200.0,23.19,22.77,22.55
2017-02-08,23.04,3765200.0,25.06,24.99,22.83
2017-02-09,24.99,2285600.0,25.3,24.88,24.56
2017-02-10,24.89,2678500.0,24.93,24.61,23.65
2017-02-13,24.95,3595000.0,25.82,25.4,24.66
2017-02-14,25.55,936500.0,25.586,25.41,24.96
2017-02-15,25.4,2170200.0,26.5,26.26,25.33
2017-02-16,26.37,3373000.0,27.05,26.8,26.17
2017-02-17,26.8,2796900.0,27.01,27.0,25.58
2017-02-21,27.0,3536900.0,27.83,27.77,26.61
2017-02-22,27.8,1747400.0,27.82,26.93,26.85
2017-02-23,26.83,2984000.0,26.85,25.72,25.25
2017-02-24,24.94,1575000.0,25.925,25.86,24.78
2017-02-27,25.99,2603700.0,26.38,25.9,25.49
2017-02-28,26.0,1713900.0,26.795,26.64,25.93
2017-03-01,27.0,2265000.0,27.61,27.51,26.87
2017-03-02,27.24,1635900.0,27.38,26.61,26.5
2017-03-03,26.3,1766600.0,27.03,26.87,26.1
2017-03-06,27.35,3398900.0,27.47,26.61,26.32
2017-03-07,29.485,22311300.0,30.22,30.0,29.0
2017-03-08,30.8,14876300.0,34.35,34.19,30.28
2017-03-09,32.93,19788200.0,33.0,30.05,29.56
2017-03-10,31.0,6977200.0,31.59,30.78,30.43
2017-03-13,30.86,5220800.0,31.5,31.38,30.52
2017-03-14,31.21,7821100.0,33.8,33.66,30.91
2017-03-15,33.53,5405500.0,34.08,33.85,32.53
2017-03-16,34.17,5753000.0,35.22,34.73,33.77
2017-03-17,34.66,3709900.0,35.73,35.01,34.01
2017-03-20,35.02,5824500.0,35.76,34.25,33.4
2017-03-21,34.22,6335100.0,34.53,32.14,31.21
2017-03-22,31.76,5658300.0,33.47,32.81,31.6
2017-03-23,32.83,9266900.0,34.49,33.29,32.3
2017-03-24,33.54,2737000.0,34.16,33.33,33.02
2017-03-27,32.96,4536500.0,34.35,34.24,32.37
2017-03-28,33.9,3184100.0,34.89,33.8,33.67
2017-03-29,33.75,3427500.0,34.49,34.11,33.21
2017-03-30,34.11,7062000.0,36.18,35.52,34.05
2017-03-31,35.18,10474600.0,35.25,34.07,33.62
2017-04-03,34.25,3996500.0,35.02,34.84,33.76
2017-04-04,34.66,2673500.0,34.84,33.97,33.53
2017-04-05,34.2,4923600.0,34.26,32.89,32.8
2017-04-06,32.52,4788300.0,35.13,34.56,32.32
2017-04-07,34.64,4444700.0,35.65,34.93,34.34
2017-04-10,35.2,9603900.0,38.12,37.5,35.2
2017-04-11,37.94,6162500.0,38.99,37.37,36.66
2017-04-12,38.15,5510300.0,39.25,37.86,37.71
2017-04-13,37.6,3382700.0,38.95,38.18,37.52
2017-04-17,38.44,2275700.0,38.65,38.4,37.5
2017-04-18,38.1,5399800.0,38.138,36.77,36.26
2017-04-19,37.05,4050200.0,38.15,37.21,36.73
2017-04-20,37.47,2794600.0,38.42,38.06,37.47
2017-04-21,38.32,3210200.0,38.54,38.32,37.33
2017-04-24,38.83,4026800.0,39.18,38.45,37.53
2017-04-25,38.62,3747000.0,38.7,38.16,37.92
2017-04-26,36.75,6126700.0,37.5,37.43,35.55
2017-04-27,37.29,4285500.0,38.62,38.38,37.271
2017-04-28,38.41,2572000.0,38.47,37.98,37.53
2017-05-01,38.28,4461300.0,39.95,39.43,38.15
2017-05-02,39.74,2657200.0,40.43,39.54,39.41
2017-05-03,39.53,3744100.0,39.56,38.3,37.77
2017-05-04,38.58,2581300.0,38.96,38.66,38.07
2017-05-05,38.74,2581400.0,39.21,39.12,38.29
2017-05-08,39.3,2626400.0,39.49,38.575,38.37
2017-05-09,38.78,5619900.0,39.0,38.58,38.2
2017-05-10,38.48,6071000.0,38.52,38.22,37.61
2017-05-11,38.18,3715600.0,38.69,38.41,37.32
2017-05-12,38.15,7038400.0,41.0,40.14,38.05
2017-05-15,40.65,5699847.0,41.21,40.11,39.71
2017-05-16,40.98,11312199.0,44.59,43.82,40.69
2017-05-17,42.29,12053639.0,42.63,40.28,40.0
2017-05-18,40.36,7835680.0,41.95,41.41,40.0
2017-05-19,42.4,7070987.0,44.12,43.58,42.0
2017-05-22,45.85,13329710.0,45.95,42.83,41.79
2017-05-23,44.99,27419838.0,45.2,41.07,38.85
2017-05-24,40.4,13369540.0,41.78,38.64,38.01
2017-05-25,39.63,14847237.0,39.63,38.41,36.49
2017-05-26,38.47,7550850.0,40.14,39.14,38.41
2017-05-30,39.42,10540012.0,40.12,37.19,36.9
2017-05-31,37.41,18011437.0,38.47,38.04,37.0
2017-06-01,38.0,6466668.0,38.67,37.34,37.198
2017-06-02,37.49,4647000.0,38.12,38.07,37.277
2017-06-05,38.1,9570628.0,40.45,40.08,38.07
2017-06-06,39.99,9138668.0,42.27,40.71,39.91
2017-06-07,40.85,7466245.0,41.0,40.32,39.616
2017-06-08,41.41,9403578.0,41.45,39.99,38.081
2017-06-09,40.0,9817879.0,40.04,37.44,36.02
2017-06-12,37.0,10050653.0,38.8,37.59,36.88
2017-06-13,38.09,5287185.0,38.75,38.05,37.06
2017-06-14,38.05,7442624.0,38.144,36.54,36.1
2017-06-15,35.5,7781623.0,36.37,36.32,35.02
2017-06-16,36.27,3728556.0,37.7,36.89,36.27
2017-06-19,37.56,4211807.0,38.13,37.7,37.3
2017-06-20,37.795,4017980.0,38.0,37.89,37.31
2017-06-21,38.0,6692200.0,39.38,38.7,37.45
2017-06-22,37.51,5877659.0,39.08,38.93,36.91
2017-06-23,39.17,3229862.0,39.59,39.35,38.94
2017-06-26,39.55,4460136.0,40.0,39.38,38.31
2017-06-27,38.9,4505302.0,39.06,37.06,36.97
2017-06-28,37.19,4791049.0,37.98,37.96,36.11
2017-06-29,37.35,4560518.0,37.8,37.07,36.5
2017-06-30,37.06,2455033.0,37.52,36.96,36.69
2017-07-03,37.45,1746040.0,37.63,36.94,36.68
2017-07-05,37.09,4481438.0,38.27,38.08,36.83
2017-07-06,37.89,3904881.0,39.19,38.81,37.75
2017-07-07,39.19,2567563.0,39.8,39.27,38.86
2017-07-10,39.46,6593115.0,41.11,40.74,39.0
2017-07-11,40.85,4417718.0,41.96,41.09,40.32
2017-07-12,41.5,3540601.0,42.0,41.87,41.15
2017-07-13,42.0,5455425.0,42.04,40.76,40.03
2017-07-14,40.56,3532850.0,41.57,41.37,40.28
2017-07-17,41.54,3536794.0,41.9,40.84,40.38
2017-07-18,40.51,4084132.0,42.02,42.0,40.38
2017-07-19,42.49,4336400.0,42.75,42.0,41.69
2017-07-20,42.38,3811439.0,42.981,42.33,42.17
2017-07-21,42.31,1988203.0,42.53,42.17,41.75
2017-07-24,42.5,6603822.0,44.75,43.99,42.46
2017-07-25,44.19,3046132.0,44.35,44.05,43.33
2017-07-26,44.05,2900302.0,44.18,44.01,43.5
2017-07-27,44.5,6937513.0,45.59,43.19,41.0
2017-07-28,42.92,2645551.0,44.59,44.06,42.5
2017-07-31,44.6,3891580.0,45.4,43.93,43.521
2017-08-01,44.25,2935900.0,45.15,45.04,43.975
2017-08-02,45.35,5280160.0,46.33,43.9,42.77
2017-08-03,43.69,2317834.0,44.68,44.55,43.29
2017-08-04,44.59,2196564.0,44.819,44.05,43.98
2017-08-07,44.43,4409129.0,46.18,45.99,43.95
2017-08-08,46.49,2946654.0,46.69,45.8,45.41
2017-08-09,45.1,6023969.0,45.77,45.35,44.44
2017-08-10,44.77,4563809.0,45.1,42.57,42.19
2017-08-11,41.81,4775954.0,42.59,42.1,40.5
2017-08-14,43.49,3865918.0,44.97,44.57,43.3
2017-08-15,44.87,2492080.0,45.09,44.23,43.9
2017-08-16,44.81,2899937.0,45.45,44.12,43.99
2017-08-17,44.51,3901033.0,45.64,44.01,43.9
2017-08-18,44.31,4236568.0,44.79,43.82,43.5
2017-08-21,44.88,5915315.0,45.11,45.08,43.8
2017-08-22,40.37,44503429.0,40.46,36.02,36.0
2017-08-23,36.06,16176539.0,37.85,36.74,35.77
2017-08-24,37.4,13796559.0,38.28,37.98,37.05
2017-08-25,38.42,15224708.0,38.68,35.59,35.1
2017-08-28,35.59,15534617.0,35.68,33.88,32.8
2017-08-29,32.8,7531948.0,34.68,34.08,32.7
2017-08-30,34.59,10143388.0,36.315,36.07,34.54
2017-08-31,37.56,16221427.0,38.6,38.53,36.64
2017-09-01,38.72,8571246.0,38.87,38.2,37.01
2017-09-05,37.3,5842199.0,38.42,37.93,37.02
2017-09-06,37.95,4537846.0,38.38,37.6,36.88
2017-09-07,37.44,4844607.0,38.09,37.82,37.11
2017-09-08,37.77,6616816.0,38.95,37.71,37.56
2017-09-11,38.16,4751560.0,38.5,38.15,37.57
2017-09-12,38.25,4089116.0,38.26,37.97,37.27
2017-09-13,37.81,4317045.0,37.92,37.31,37.13
2017-09-14,37.28,4485908.0,37.28,36.79,36.55
2017-09-15,36.48,4349259.0,36.82,36.57,36.28
2017-09-18,36.84,3984401.0,37.4,36.9,36.6
2017-09-19,37.12,4872407.0,37.14,36.09,35.805
2017-09-20,36.04,5604951.0,36.3,35.06,34.81
2017-09-21,35.06,4151175.0,35.68,35.42,34.08
2017-09-22,35.26,3587117.0,35.34,34.97,34.66
2017-09-25,34.31,6350475.0,34.503,33.65,33.08
2017-09-26,33.85,8049991.0,34.13,32.5,32.43
2017-09-27,32.86,4720790.0,33.02,32.67,32.08
2017-09-28,32.48,5383762.0,32.55,32.44,31.54
2017-09-29,32.28,7717989.0,32.42,31.34,31.12
2017-10-02,31.56,5243044.0,32.29,31.91,31.02
2017-10-03,32.32,4118427.0,32.6,32.28,32.02
2017-10-04,32.23,4043177.0,32.3,31.77,31.6
2017-10-05,31.81,3344384.0,31.9,31.41,31.05
2017-10-06,31.29,2954541.0,32.03,31.97,31.2
2017-10-09,32.0,2859802.0,32.09,31.47,31.31
2017-10-10,31.74,4676381.0,32.88,32.05,31.6
2017-10-11,32.03,3366064.0,32.87,32.78,31.9
2017-10-12,32.85,3632227.0,32.97,32.14,32.05
2017-10-13,32.17,3584997.0,33.285,32.83,32.0
2017-10-16,33.16,6880372.0,34.695,34.38,33.1
2017-10-17,34.62,6185837.0,35.49,33.35,33.25
2017-10-18,33.57,3533959.0,34.595,33.98,33.39
2017-10-19,33.16,4649356.0,33.61,32.81,32.715
2017-10-20,33.13,4581264.0,33.25,31.89,31.82
2017-10-23,31.98,3922471.0,32.06,31.58,31.171
2017-10-24,31.51,3299594.0,31.79,31.24,31.07
2017-10-25,31.15,9616999.0,31.36,29.56,28.08
2017-10-26,29.76,5252820.0,30.34,29.27,28.95
2017-10-27,29.43,3175649.0,30.06,29.43,29.2
2017-10-30,29.85,4396377.0,31.104,29.46,29.38
2017-10-31,29.66,3307617.0,30.58,30.47,29.62
2017-11-01,30.7,2397278.0,31.0,30.36,30.11
2017-11-02,30.3,2571669.0,30.67,30.28,29.69
2017-11-03,30.23,2255862.0,30.45,29.8,29.46
2017-11-06,29.99,3516021.0,30.15,29.32,29.1
2017-11-07,29.27,5352464.0,29.3,28.26,28.1
2017-11-08,28.2,5702117.0,28.63,28.45,27.11
2017-11-09,28.17,3555927.0,29.04,28.96,27.668
2017-11-10,28.97,2520037.0,28.97,28.35,28.11
2017-11-13,28.34,5026374.0,30.39,29.88,28.211
2017-11-14,29.84,2602270.0,29.88,29.19,28.995
2017-11-15,28.88,5956122.0,31.25,30.59,28.8
2017-11-16,31.3,7047515.0,32.87,32.16,31.24
2017-11-17,32.76,6877410.0,33.6,31.22,30.9
2017-11-20,31.25,5230585.0,33.37,32.94,31.25
2017-11-21,33.4,4907781.0,33.45,32.31,31.81
2017-11-22,32.16,4745058.0,32.41,32.11,31.4
2017-11-24,32.16,2091318.0,32.38,32.14,31.54
2017-11-27,32.25,6250038.0,32.27,30.9,30.55
2017-11-28,27.44,32510590.0,27.5,25.08,24.8
2017-11-29,25.9,11791014.0,26.33,25.51,25.28
2017-11-30,25.56,12546779.0,25.66,24.0,23.35
2017-12-01,23.5,9852798.0,23.85,22.56,22.49
2017-12-04,23.0,12953030.0,25.1299,24.8,22.9
2017-12-05,24.22,6097761.0,24.69,23.84,23.6
2017-12-06,23.36,3765778.0,23.82,23.44,22.89
2017-12-07,23.47,3602983.0,24.42,23.8,23.45
2017-12-08,24.15,4142539.0,24.739,24.44,24.02
2017-12-11,24.26,4284854.0,25.47,24.77,24.202
2017-12-12,24.68,3028378.0,24.9,24.75,24.05
2017-12-13,24.99,3832506.0,25.66,24.77,24.72
2017-12-14,24.69,2539965.0,25.08,24.89,24.4
2017-12-15,24.9,3786034.0,25.23,25.08,24.83
2017-12-18,25.17,3179625.0,25.74,25.36,24.67
2017-12-19,25.5,4385691.0,26.26,25.86,25.41
2017-12-20,26.0,2672953.0,26.29,26.02,25.86
2017-12-21,25.96,4109199.0,26.15,25.47,25.23
2017-12-22,25.23,2635331.0,25.97,25.42,25.13
2017-12-26,25.52,2338736.0,25.65,25.23,25.075
2017-12-27,25.21,2158374.0,25.82,25.62,25.11
2017-12-28,25.61,1978190.0,25.87,25.12,24.9
2017-12-29,25.04,3205638.0,25.14,24.48,24.36
2018-01-02,24.84,3420947.0,26.08,25.86,24.84
2018-01-03,26.29,2772574.0,26.31,25.9,25.67
2018-01-04,26.16,5741208.0,27.87,26.87,25.92
2018-01-05,27.32,4679096.0,27.99,27.83,27.13
2018-01-08,27.79,6020081.0,28.75,27.94,27.48
2018-01-09,28.23,6151881.0,28.99,27.2,26.73
2018-01-10,26.7,3960829.0,26.9801,26.79,25.88
2018-01-11,27.2,2640031.0,27.2,26.87,26.28
2018-01-12,26.99,4375298.0,27.12,26.47,26.32
2018-01-16,26.78,5642699.0,26.82,25.13,25.07
2018-01-17,25.49,13443711.0,28.33,27.95,25.42
2018-01-18,27.875,7542866.0,28.61,27.41,27.02
2018-01-19,27.61,7339989.0,29.21,28.6,27.61
2018-01-22,28.85,5704322.0,29.6,28.71,28.4
2018-01-23,29.06,5294340.0,29.19,29.05,28.45
2018-01-24,29.2,4332337.0,29.35,29.0,28.58
2018-01-25,29.03,5310120.0,29.83,29.76,28.68
2018-01-26,30.29,6719423.0,30.785,30.3,29.81
2018-01-29,31.35,8937279.0,32.18,31.69,30.73
2018-01-30,30.53,5525027.0,31.81,31.02,30.06
2018-01-31,31.51,3901499.0,31.93,31.53,31.23
2018-02-01,31.11,2856117.0,31.53,31.01,30.37
2018-02-02,30.63,4722843.0,30.94,29.83,29.29
2018-02-05,28.7,6846529.0,29.64,28.51,28.22
2018-02-06,27.35,8460483.0,28.87,28.08,26.98
2018-02-07,27.99,4010108.0,28.44,27.8,27.39
2018-02-08,28.2,5289684.0,28.49,26.38,26.38
2018-02-09,26.8,4173892.0,27.85,27.65,26.21
2018-02-12,28.33,2990191.0,28.67,28.32,27.99
2018-02-13,28.0,4228404.0,29.19,28.29,27.73
2018-02-14,28.27,5298151.0,30.68,30.55,28.27
2018-02-15,31.0,4493871.0,31.955,30.84,30.4
2018-02-16,30.76,2573885.0,31.5,31.05,30.71
2018-02-20,30.99,4696197.0,32.74,32.36,30.89
2018-02-21,32.7,2704230.0,33.14,31.97,31.94
2018-02-22,32.06,3919541.0,32.06,30.53,30.15
2018-02-23,33.58,17961176.0,35.87,35.75,33.13
2018-02-26,34.96,7931872.0,35.4,34.2,33.61
2018-02-27,33.98,4697670.0,34.49,33.48,33.14
2018-02-28,33.3,2962055.0,33.517,33.05,32.52
2018-03-01,33.2,5349190.0,33.9,31.83,31.56
2018-03-02,31.79,5187000.0,33.45,32.89,31.26
2018-03-05,32.56,4501111.0,33.65,33.27,32.37
2018-03-06,34.0,6086929.0,34.37,33.97,33.04
2018-03-07,37.85,23500017.0,37.86,37.02,35.17
2018-03-08,37.2,9367695.0,37.98,35.74,35.7
2018-03-09,36.1,8303579.0,37.615,37.54,35.74
2018-03-12,37.45,4090502.0,37.54,37.04,36.64
2018-03-13,37.11,3438987.0,37.28,36.82,36.12
2018-03-14,37.01,3897640.0,37.68,37.27,36.901
2018-03-15,37.5,3544057.0,37.97,37.85,37.3
2018-03-16,37.85,4805029.0,38.119,37.2,36.51
2018-03-19,36.71,4282887.0,37.78,36.98,36.18
2018-03-20,36.99,6711210.0,38.76,38.76,36.53
2018-03-21,38.56,7707244.0,40.45,39.82,38.36
2018-03-22,38.62,6870220.0,39.49,38.9,38.15
2018-03-23,38.44,5128478.0,39.85,38.9,38.39
2018-03-26,39.73,3979899.0,40.0,38.86,38.06
2018-03-27,39.3,5931243.0,39.48,36.02,35.53
2018-03-28,36.11,6197082.0,36.925,35.61,33.5
2018-03-29,36.05,4353898.0,37.52,37.38,35.84
2018-04-02,36.8,2894836.0,37.62,36.66,36.44
2018-04-03,37.45,2822923.0,38.069,37.29,36.75
2018-04-04,35.44,3146646.0,37.205,37.15,34.71
2018-04-05,37.5,2929277.0,37.99,37.07,36.66
2018-04-06,36.2,2074658.0,37.04,36.4,35.61
2018-04-09,36.62,2674294.0,37.59,36.79,36.55
2018-04-10,37.65,3120400.0,37.75,36.95,36.15
2018-04-11,36.59,2699112.0,37.8474,37.4,36.59
2018-04-12,37.5,5728138.0,37.5,35.39,35.18
2018-04-13,35.65,5362949.0,35.675,34.67,33.42
2018-04-16,34.94,3437171.0,34.955,34.39,33.68
2018-04-17,34.5,5748803.0,35.56,35.42,34.161
2018-04-18,35.44,2837101.0,35.77,35.45,34.82
2018-04-19,35.3,2452158.0,35.9,35.76,34.89
2018-04-20,35.42,3701319.0,36.7,36.33,35.05
2018-04-23,36.45,3610912.0,36.99,36.58,36.0
2018-04-24,36.68,4369705.0,37.34,35.06,34.59
2018-04-25,34.92,2902525.0,35.0,34.3,33.4
2018-04-26,34.77,2165881.0,35.93,35.72,34.66
2018-04-27,36.02,2077184.0,36.2,35.75,35.13
2018-04-30,35.65,2762932.0,35.75,34.9,34.22
2018-05-01,34.9,2417777.0,35.66,35.58,34.66
2018-05-02,35.64,2764692.0,36.13,35.43,35.07
2018-05-03,35.07,2316664.0,35.29,35.08,34.25
2018-05-04,34.73,2166366.0,35.56,35.36,34.35
2018-05-07,35.48,4465054.0,38.18,38.03,35.11
2018-05-08,38.04,3302136.0,39.2,38.23,37.585
2018-05-09,37.89,2282503.0,38.31,37.56,37.32
2018-05-10,37.8,3624876.0,38.5836,38.43,37.31
2018-05-11,38.54,1990366.0,38.54,37.73,37.05
2018-05-14,37.98,2630116.0,39.19,37.75,37.64
2018-05-15,37.35,3577484.0,37.6,37.36,36.42
2018-05-16,37.36,1808724.0,37.77,37.3,36.82
2018-05-17,37.67,3726732.0,39.38,38.31,37.21
2018-05-18,38.48,5970565.0,40.98,39.74,38.25
2018-05-21,40.42,3451784.0,41.2,39.89,39.17
2018-05-22,40.01,1451660.0,40.39,39.61,39.35
2018-05-23,39.16,2092743.0,39.8,39.46,38.77
2018-05-24,39.92,1898125.0,40.1,39.31,39.03
2018-05-25,39.33,3627853.0,40.02,38.95,38.55
2018-05-29,42.84,27432094.0,45.42,44.86,42.49
2018-05-30,45.31,9851856.0,45.4499,43.13,43.03
2018-05-31,43.7,11161105.0,46.23,45.92,43.66
2018-06-01,46.34,11661391.0,49.91,49.6,46.34
2018-06-04,50.02,6567488.0,50.82,50.3,48.22
2018-06-05,50.52,4389114.0,50.7699,49.73,49.35
2018-06-06,49.89,5467689.0,50.79,50.09,49.41
2018-06-07,50.09,3714678.0,50.62,49.37,48.32
2018-06-08,49.09,6959205.0,52.8,52.01,49.04
2018-06-11,52.4,4874803.0,54.24,52.86,51.99
2018-06-12,53.35,3432076.0,53.36,52.98,52.0
2018-06-13,53.0,2557097.0,54.06,53.23,52.7
2018-06-14,53.17,3361722.0,54.03,53.86,52.77
2018-06-15,53.06,4169744.0,53.9,53.6,52.81
2018-06-18,53.48,3238030.0,53.5,53.13,52.29
2018-06-19,50.84,5775684.0,51.77,51.09,49.8
2018-06-20,51.62,2418787.0,52.42,51.91,51.31
2018-06-21,51.8,2666441.0,52.18,50.88,50.25
2018-06-22,50.82,2175369.0,51.2,50.78,49.84
2018-06-25,49.54,4951110.0,49.69,48.17,46.8
2018-06-26,46.64,10537740.0,47.51,45.34,45.16
2018-06-27,45.48,12125430.0,45.5,42.86,41.44
2018-06-28,42.98,9608746.0,44.9,44.42,42.15
2018-06-29,44.97,5491155.0,45.59,43.5,43.13
2018-07-02,42.0,4815418.0,44.93,44.72,41.84
2018-07-03,44.92,2118145.0,45.1,44.07,43.98
2018-07-05,44.2,3498120.0,45.43,44.2,43.7396
2018-07-06,44.21,4059284.0,46.69,46.44,44.075
2018-07-09,47.61,5586894.0,48.522,46.65,46.0
2018-07-10,46.31,3986966.0,46.4,45.2,44.53
2018-07-11,43.98,3874067.0,44.95,44.0,43.72
2018-07-12,45.0,3339879.0,45.56,45.38,44.46
2018-07-13,45.63,3600196.0,46.0,43.96,43.745
2018-07-16,44.43,3682416.0,45.345,44.385,43.91
2018-07-17,43.92,3277349.0,45.49,45.44,43.53
2018-07-18,45.6,5794975.0,46.64,45.62,45.11
2018-07-19,45.0,4203933.0,45.53,44.58,44.04
2018-07-20,44.92,3632074.0,46.15,45.47,44.54
2018-07-23,45.23,2548893.0,46.4,45.99,44.5431
2018-07-24,46.85,13897608.0,46.89,42.3,41.06
2018-07-25,42.38,6173993.0,43.54,43.17,41.53
2018-07-26,41.35,2883703.0,43.94,43.12,41.25
2018-07-27,43.3,2883062.0,43.69,41.88,41.61
2018-07-30,41.62,5611766.0,41.8683,40.01,39.5705
2018-07-31,40.49,4408012.0,41.93,41.02,39.39
2018-08-01,40.74,2293982.0,41.95,41.04,40.74
2018-08-02,40.24,2840147.0,40.439,40.06,39.68
2018-08-03,40.16,2427558.0,40.96,40.4,39.9593
2018-08-06,39.88,2739779.0,40.42,39.92,38.98
2018-08-07,40.76,2669396.0,41.68,40.89,40.51
2018-08-08,41.45,2140852.0,41.87,41.31,40.47
2018-08-09,41.39,1495263.0,42.64,41.85,41.11
2018-08-10,41.03,2391510.0,42.39,42.28,41.03
2018-08-13,42.32,2727008.0,42.35,40.51,39.9905
2018-08-14,39.7,8064192.0,40.0,36.95,36.72
2018-08-15,35.1,7814277.0,36.59,36.18,34.8
2018-08-16,37.51,3788878.0,38.64,37.55,37.33
2018-08-17,37.29,4284045.0,38.39,38.15,37.17
2018-08-20,39.33,4586066.0,39.99,39.3,38.54
2018-08-21,39.81,5650396.0,41.0,40.49,39.81
2018-08-22,42.85,12548828.0,44.6196,43.96,41.5
2018-08-23,43.76,6317973.0,45.1569,43.99,43.42
2018-08-24,44.68,3233130.0,45.22,43.84,43.43
2018-08-27,45.0,8116108.0,47.551,46.91,44.9
2018-08-28,47.4,4772058.0,47.75,47.66,45.7482
2018-08-29,47.26,3835972.0,47.71,47.56,46.67
2018-08-30,47.05,4885120.0,47.27,44.83,44.58
2018-08-31,44.69,6007680.0,46.48,46.29,44.3
2018-09-04,46.0,3302067.0,47.3,47.24,45.35
2018-09-05,46.51,3413150.0,46.7,45.23,44.13
2018-09-06,45.07,2964925.0,45.88,44.0,43.9
2018-09-07,43.6,4384949.0,46.27,45.15,43.17
2018-09-10,45.05,3565646.0,45.05,42.8,42.54
2018-09-11,42.02,3260115.0,43.85,42.6,41.26
2018-09-12,42.31,4742676.0,44.055,43.93,41.54
2018-09-13,45.97,6385304.0,47.0,46.87,44.59
2018-09-14,46.89,4626686.0,48.03,47.37,46.31
2018-09-17,46.49,4400977.0,47.6743,46.01,45.78
2018-09-18,46.42,4431206.0,48.77,48.25,45.89
2018-09-19,48.78,3887811.0,49.38,47.73,47.29
2018-09-20,48.31,4747856.0,48.33,46.51,46.115
2018-09-21,47.0,4381405.0,47.2737,46.44,46.14
2018-09-24,44.94,2782011.0,45.9,45.32,43.11
2018-09-25,45.69,1697169.0,46.32,46.18,45.6001
2018-09-26,46.26,2217448.0,46.56,45.95,45.7
2018-09-27,45.39,4195016.0,45.69,44.22,43.82
2018-09-28,43.54,3600791.0,43.9,43.8,42.19
2018-10-01,44.03,2003101.0,44.6,44.04,43.96
2018-10-02,43.01,3378850.0,43.8,41.8,41.79
2018-10-03,42.12,2869971.0,42.92,42.39,41.05
2018-10-04,41.81,5515061.0,41.99,39.11,39.04
2018-10-05,39.42,3673940.0,39.97,39.12,38.12
2018-10-08,37.5,4316429.0,38.93,38.02,36.651
2018-10-09,37.58,2758207.0,38.51,37.68,37.33
2018-10-10,37.36,5281222.0,37.5,35.06,35.05
2018-10-11,34.92,4885395.0,36.76,35.51,34.42
2018-10-12,37.5,5501653.0,38.6125,37.65,36.73
2018-10-15,36.63,3646471.0,38.4,38.02,36.1
2018-10-16,38.4,4823069.0,38.5,37.59,36.92
2018-10-17,37.48,7491130.0,37.48,34.5,34.4
2018-10-18,34.01,7305763.0,34.96,32.64,32.51
2018-10-19,33.89,8469775.0,34.32,30.46,30.27
2018-10-22,32.8,6921292.0,33.94,32.08,31.66
2018-10-23,30.4,3889795.0,32.75,31.85,30.21
2018-10-24,32.07,4225907.0,32.23,30.14,30.13
2018-10-25,30.81,3685321.0,31.68,30.69,30.37
2018-10-26,30.07,2809192.0,31.66,30.82,29.7
2018-10-29,31.41,4275430.0,32.28,30.11,29.56
2018-10-30,29.75,2941532.0,30.74,30.64,29.1
2018-10-31,32.33,6846446.0,33.84,33.57,31.76
2018-11-01,34.09,8159387.0,36.7,36.48,32.48
2018-11-02,37.13,5662304.0,37.25,35.41,34.93
2018-11-05,35.35,2524770.0,36.09,36.0,34.71
2018-11-06,36.05,2403608.0,37.17,35.77,35.12
2018-11-07,36.14,2289042.0,36.67,36.64,35.55
2018-11-08,35.98,2575259.0,36.45,35.0,34.95
2018-11-09,33.09,5603103.0,33.8,32.65,31.5206
2018-11-12,32.82,3234865.0,32.83,31.51,30.74
2018-11-13,32.2,3452834.0,32.93,31.72,31.47
2018-11-14,31.93,3716461.0,33.4388,32.88,31.9098
2018-11-15,33.21,5346831.0,35.1,34.29,33.19
2018-11-16,33.71,3107189.0,34.14,32.96,32.41
2018-11-19,32.67,4828525.0,32.87,30.59,30.12
2018-11-20,29.16,3674953.0,31.12,30.63,28.76
2018-11-21,31.8,3499987.0,33.0698,31.69,31.33
2018-11-23,31.35,1447974.0,32.38,31.67,31.0
2018-11-26,32.31,6434674.0,32.31,30.04,29.66
2018-11-27,29.84,4428886.0,30.28,29.71,29.15
2018-11-28,30.34,5652005.0,30.52,30.02,29.25
2018-11-29,29.65,3658238.0,30.67,30.35,29.585
2018-11-30,30.5,3238639.0,31.6459,31.35,30.25
2018-12-03,33.81,5969522.0,33.88,33.08,32.39
2018-12-04,32.31,6663852.0,32.58,31.69,31.43
2018-12-06,27.2,13513043.0,27.8,27.05,26.01
2018-12-07,26.75,10507639.0,27.12,24.57,24.3
2018-12-10,24.24,4989188.0,25.13,24.26,24.045
2018-12-11,24.86,3794074.0,25.09,24.58,24.35
2018-12-12,25.06,4993265.0,26.36,25.58,25.01
2018-12-13,26.0,3257492.0,26.17,25.46,25.3302
2018-12-14,24.94,2761151.0,25.8498,25.22,24.47
2018-12-17,25.12,3663369.0,25.26,24.29,24.21
2018-12-18,24.51,3321722.0,24.92,24.49,24.28
2018-12-19,24.66,4217025.0,25.05,23.46,23.02
2018-12-20,23.08,3832035.0,23.64,23.34,22.89
2018-12-21,23.52,3623164.0,24.1,23.38,23.3
2018-12-24,23.13,1712357.0,24.14,23.68,23.09
2018-12-26,23.83,2832906.0,24.26,24.22,22.91
2018-12-27,23.62,2511999.0,24.5,24.37,23.46
2018-12-28,24.48,2318220.0,24.72,24.41,23.9
2018-12-31,24.56,1978892.0,25.08,23.75,23.6
2019-01-02,23.06,3032296.0,25.21,24.83,22.85
2019-01-03,24.5,2291752.0,24.77,24.03,23.98
2019-01-04,24.75,2802707.0,25.55,25.41,24.34
2019-01-07,25.63,3685701.0,26.22,26.22,25.36
2019-01-08,26.46,4072392.0,26.79,26.6,26.14
2019-01-09,26.75,3761771.0,27.41,27.15,26.3
2019-01-10,26.88,2420177.0,27.2,27.0,26.51
2019-01-11,26.73,3024539.0,27.07,26.98,26.07
2019-01-14,26.57,3153871.0,26.65,26.57,26.2
2019-01-15,26.8,2872112.0,27.1797,26.94,26.7115
2019-01-16,27.07,2524505.0,28.099,27.76,27.07
2019-01-17,27.72,4942117.0,29.14,28.67,27.51
2019-01-18,29.02,8165221.0,30.53,30.26,28.96
2019-01-22,29.74,6599477.0,30.06,28.97,28.515
2019-01-23,29.31,4354061.0,29.413,28.39,28.19
2019-01-24,28.34,2716839.0,29.59,29.53,28.3
2019-01-25,29.96,3836216.0,31.39,31.05,29.82
2019-01-28,30.5,2875889.0,30.575,30.04,29.48
2019-01-29,29.98,3074109.0,29.98,28.97,28.49
2019-01-30,29.5,2615967.0,29.97,29.75,29.08
2019-01-31,30.12,3052884.0,30.9,30.43,29.96
2019-02-01,30.59,2718857.0,31.32,30.33,29.9799
2019-02-04,30.13,1787267.0,30.29,29.77,29.619
2019-02-05,29.92,1795713.0,30.84,30.61,29.74
2019-02-06,30.69,1635914.0,30.95,30.13,29.91
2019-02-07,29.84,3314085.0,29.89,28.69,28.43
2019-02-08,28.5,2253340.0,29.57,29.21,28.2
2019-02-11,29.53,2564044.0,30.065,29.67,29.41
2019-02-12,29.95,1865090.0,30.79,30.7,29.67
2019-02-13,31.17,3356570.0,32.65,31.33,31.1
2019-02-14,31.33,2205968.0,31.33,31.23,30.43
2019-02-15,31.22,2647141.0,31.22,30.04,29.98
2019-02-19,30.4,3374740.0,32.42,32.36,30.245
2019-02-20,32.27,3244534.0,33.0,31.82,31.62
2019-02-21,32.12,2739316.0,32.47,31.61,31.3
2019-02-22,32.1,2879621.0,33.2,33.14,31.91
2019-02-25,35.4,5174197.0,35.59,35.34,34.28
2019-02-26,34.64,3408729.0,34.76,34.55,33.36
2019-02-27,33.92,2019584.0,34.8311,34.61,33.68
2019-02-28,34.65,3783424.0,34.65,33.17,32.81
2019-03-01,34.19,4171378.0,34.41,33.28,32.82
2019-03-04,34.1,3755463.0,34.56,33.87,32.74
2019-03-05,33.9,4459897.0,35.54,35.18,33.81
2019-03-06,35.39,4184145.0,36.05,35.27,35.1
2019-03-07,34.86,5184514.0,34.98,32.72,32.32
2019-03-08,31.07,3797653.0,33.07,32.77,31.0
2019-03-11,33.28,8731675.0,33.71,32.55,31.96
2019-03-12,36.1,19954458.0,37.85,36.44,35.52
2019-03-13,37.0,7935880.0,37.94,37.79,36.57
2019-03-14,36.89,5084994.0,37.84,37.22,36.3
